{"stats":{"minecraft:crafted":{"minecraft:iron_sword":1,"minecraft:oak_planks":40,"minecraft:iron_boots":1,"minecraft:torch":4,"minecraft:shield":1,"minecraft:crafting_table":1,"minecraft:stick":4,"minecraft:iron_pickaxe":1},"minecraft:custom":{"minecraft:open_chest":5,"minecraft:time_since_rest":19395,"minecraft:play_time":19395,"minecraft:sprint_one_cm":37237,"minecraft:damage_taken":50,"minecraft:walk_one_cm":27769,"minecraft:sneak_time":53,"minecraft:jump":257,"minecraft:leave_game":3,"minecraft:time_since_death":19395,"minecraft:total_world_time":19395,"minecraft:climb_one_cm":1318,"minecraft:interact_with_crafting_table":7,"minecraft:fly_one_cm":49280,"minecraft:fall_one_cm":6225},"minecraft:mined":{"minecraft:grass":1,"minecraft:oak_log":7,"minecraft:coal_ore":6,"minecraft:tall_grass":1,"minecraft:stone":8,"minecraft:cornflower":1},"minecraft:picked_up":{"iceandfire:pixie_dust":1,"minecraft:iron_chestplate":1,"minecraft:iron_leggings":1,"minecraft:iron_ingot":18,"minecraft:oak_log":7,"minecraft:oak_sapling":1,"travelersbackpack:gold":1,"minecraft:cornflower":1,"minecraft:coal":6,"minecraft:cobblestone":15,"minecraft:egg":1},"minecraft:used":{"minecraft:cobblestone":3,"travelersbackpack:gold":1,"iceandfire:pixie_dust":1,"minecraft:oak_sapling":1,"minecraft:porkchop":2,"minecraft:iron_pickaxe":14,"minecraft:egg":1,"minecraft:oak_log":2}},"DataVersion":3465}