{"stats":{"minecraft:crafted":{"minecraft:crafting_table":1,"minecraft:oak_planks":20},"minecraft:custom":{"minecraft:jump":94,"minecraft:time_since_rest":9660,"minecraft:damage_taken":10,"minecraft:leave_game":2,"minecraft:play_time":9660,"minecraft:sprint_one_cm":11384,"minecraft:time_since_death":9660,"minecraft:walk_one_cm":11266,"minecraft:sneak_time":41,"minecraft:total_world_time":9660,"minecraft:interact_with_crafting_table":2,"minecraft:fall_one_cm":2603,"minecraft:fly_one_cm":17051},"minecraft:mined":{"minecraft:oak_log":7},"minecraft:picked_up":{"minecraft:iron_ingot":18,"minecraft:oak_log":7,"minecraft:oak_sapling":1,"minecraft:egg":1},"minecraft:used":{"minecraft:oak_log":2,"minecraft:egg":1,"minecraft:oak_sapling":1}},"DataVersion":3465}