{"stats":{"minecraft:custom":{"minecraft:interact_with_crafting_table":91,"minecraft:open_barrel":5,"minecraft:leave_game":6,"minecraft:time_since_death":716,"minecraft:sprint_one_cm":236031,"vampirism:interact_with_totem":3,"minecraft:drop":310,"minecraft:play_time":320506,"minecraft:deaths":31,"minecraft:jump":5540,"minecraft:walk_on_water_one_cm":110003,"minecraft:interact_with_furnace":157,"minecraft:sleep_in_bed":1,"minecraft:damage_dealt":16160,"minecraft:player_kills":1,"minecraft:crouch_one_cm":53236,"minecraft:interact_with_smithing_table":11,"minecraft:mob_kills":94,"minecraft:interact_with_anvil":2,"minecraft:damage_dealt_resisted":4,"minecraft:climb_one_cm":3824,"minecraft:walk_one_cm":1077955,"twilightforest:keeping_charms_activated":1,"minecraft:sneak_time":14030,"minecraft:walk_under_water_one_cm":90361,"minecraft:interact_with_blast_furnace":1,"minecraft:total_world_time":320506,"minecraft:time_since_rest":752,"minecraft:damage_taken":13669,"minecraft:damage_absorbed":78,"minecraft:swim_one_cm":36717,"minecraft:fly_one_cm":813953,"minecraft:open_chest":177,"minecraft:fall_one_cm":144681},"minecraft:crafted":{"minecraft:oak_planks":84,"minecraft:cooked_mutton":1,"minecraft:glass":52,"minecraft:iron_boots":3,"minecraft:chest":2,"minecraft:cooked_porkchop":13,"minecraft:crafting_table":3,"minecraft:spruce_planks":76,"minecraft:wooden_pickaxe":1,"minecraft:iron_helmet":5,"minecraft:birch_planks":148,"minecraft:iron_chestplate":4,"minecraft:stick":32,"minecraft:iron_ingot":172,"minecraft:iron_pickaxe":4,"minecraft:iron_block":3,"minecraft:stone_sword":1,"minecraft:gold_ingot":328,"minecraft:cherry_planks":180,"minecraft:furnace":3,"minecraft:iron_axe":1,"minecraft:stone_pickaxe":4,"minecraft:cooked_beef":17,"minecraft:iron_sword":1,"iceandfire:pixie_jar_empty":2,"minecraft:bucket":1,"minecraft:stone_axe":2,"minecraft:air":0,"minecraft:golden_apple":16,"minecraft:iron_leggings":3,"minecraft:torch":60,"ironchest:iron_chest":2},"minecraft:broken":{"minecraft:stone_pickaxe":2,"minecraft:stone_axe":1,"minecraft:iron_helmet":1},"minecraft:killed":{"vampirism:vampire":3,"minecraft:zombified_piglin":1,"vampirism:advanced_vampire":1,"minecraft:spider":3,"minecraft:skeleton":18,"minecraft:piglin_brute":1,"minecraft:magma_cube":10,"minecraft:piglin":1,"minecraft:pig":8,"twilightforest:skeleton_druid":1,"minecraft:sheep":3,"minecraft:zombie":24,"minecraft:blaze":2,"twilightforest:deer":2,"twilightforest:death_tome":1,"twilightforest:kobold":7,"minecraft:squid":4},"minecraft:killed_by":{"vampirism:advanced_vampire":2,"iceandfire:cyclops":5,"minecraft:piglin_brute":1,"minecraft:zombie":1,"iceandfire:fire_dragon":11},"minecraft:picked_up":{"twilightforest:cicada_jar":2,"minecraft:wheat":2,"minecraft:stone_brick_stairs":1,"minecraft:string":8,"minecraft:raw_copper":316,"minecraft:smooth_stone_slab":4,"minecraft:iron_leggings":2,"minecraft:cobbled_deepslate":11,"minecraft:gold_nugget":480,"minecraft:written_book":1,"twilightforest:firefly_jar":4,"minecraft:furnace":6,"iceandfire:pixie_dust":2,"minecraft:stick":51,"minecraft:oak_fence":1,"minecraft:torch":7,"minecraft:porkchop":12,"minecraft:cherry_log":96,"vampirism:vampire_fang":1,"minecraft:stone_sword":1,"minecraft:rotten_flesh":34,"minecraft:cobblestone":284,"minecraft:birch_log":38,"minecraft:pink_petals":5,"minecraft:cooked_beef":1,"minecraft:magma_cream":1,"minecraft:cherry_planks":10,"minecraft:andesite":1,"minecraft:tuff":1,"twilightforest:mossy_nagastone_pillar":2,"minecraft:lapis_lazuli":109,"minecraft:dirt":15,"minecraft:glass":6,"minecraft:bone":24,"minecraft:bow":2,"minecraft:wheat_seeds":15,"minecraft:raw_gold":5,"vampirism:item_garlic":1,"minecraft:mossy_stone_bricks":2,"travelersbackpack:gold":3,"minecraft:mossy_stone_brick_stairs":3,"minecraft:cooked_porkchop":3,"vampirism:crucifix_normal":1,"minecraft:sand":67,"minecraft:ink_sac":6,"minecraft:dark_oak_log":4,"twilightforest:mossy_etched_nagastone":1,"vampirism:oil_bottle":2,"twilightforest:canopy_planks":12,"twilightforest:twilight_oak_sapling":3,"minecraft:diamond":6,"minecraft:granite":2,"minecraft:emerald":5,"minecraft:bread":64,"minecraft:oak_sapling":6,"minecraft:netherrack":1,"twilightforest:torchberries":2,"minecraft:crafting_table":14,"minecraft:gold_block":13,"twilightforest:nagastone":5,"gravestone:obituary":4,"minecraft:chain":2,"minecraft:cornflower":1,"minecraft:blue_orchid":1,"minecraft:cracked_stone_bricks":2,"minecraft:light_gray_wool":1,"minecraft:chest":1,"minecraft:birch_sapling":6,"minecraft:egg":2,"minecraft:raw_iron":218,"minecraft:redstone":61,"minecraft:arrow":24,"minecraft:nether_bricks":3,"twilightforest:etched_nagastone":4,"iceandfire:chared_dirt":1,"minecraft:gold_ingot":2,"minecraft:mutton":4,"minecraft:white_wool":2,"iceandfire:pixie_jar_4":2,"vampirism:vampire_blood_bottle":2,"minecraft:leather":3,"minecraft:birch_planks":15,"minecraft:oak_log":21,"minecraft:cobblestone_wall":2,"minecraft:cobblestone_stairs":1,"twilightforest:raw_venison":6,"minecraft:stone_bricks":2,"iceandfire:pixie_jar_empty":1,"minecraft:iron_ingot":2,"minecraft:stone_pickaxe":3,"minecraft:glass_bottle":2,"minecraft:iron_sword":5,"minecraft:soul_sand":10,"minecraft:book":111,"twilightforest:nagastone_pillar":3,"iceandfire:dragonbone_sword":2,"iceandfire:ash":2,"minecraft:quartz":2,"minecraft:dandelion":1,"minecraft:spruce_sapling":1,"twilightforest:cracked_nagastone_pillar":1,"minecraft:spruce_log":19,"minecraft:spider_eye":2,"travelersbackpack:standard":1,"minecraft:painting":2,"minecraft:cherry_sapling":65,"twilightforest:spiral_bricks":10,"minecraft:coal":455},"minecraft:used":{"minecraft:iron_sword":493,"minecraft:rotten_flesh":4,"minecraft:iron_chestplate":1,"minecraft:mutton":4,"minecraft:tuff":1,"minecraft:glass":6,"minecraft:bow":7,"minecraft:furnace":7,"minecraft:oak_sapling":5,"minecraft:stone_pickaxe":299,"minecraft:wooden_pickaxe":22,"minecraft:golden_apple":2,"minecraft:sand":2,"minecraft:bread":42,"minecraft:birch_log":1,"twilightforest:canopy_planks":4,"minecraft:stone_sword":3,"minecraft:flint_and_steel":1,"minecraft:torch":17,"minecraft:dirt":11,"travelersbackpack:gold":4,"minecraft:iron_axe":186,"minecraft:cooked_beef":16,"minecraft:cobbled_deepslate":6,"minecraft:cooked_mutton":1,"minecraft:water_bucket":67,"minecraft:birch_planks":92,"minecraft:cherry_planks":52,"minecraft:cracked_stone_bricks":1,"iceandfire:chared_dirt":1,"twilightforest:twilight_oak_sapling":2,"minecraft:crafting_table":16,"vampirism:alchemy_table":1,"iceandfire:pixie_jar_4":2,"minecraft:iron_pickaxe":498,"minecraft:spruce_sapling":1,"minecraft:stone_axe":133,"minecraft:cobblestone":258,"travelersbackpack:standard":4,"minecraft:cooked_porkchop":16,"minecraft:porkchop":1,"minecraft:bucket":68},"minecraft:mined":{"minecraft:cherry_log":104,"minecraft:granite":2,"minecraft:grass_block":5,"minecraft:spawner":1,"minecraft:iron_ore":201,"minecraft:deepslate_lapis_ore":2,"iceandfire:gold_pile":59,"minecraft:blue_orchid":1,"minecraft:deepslate_redstone_ore":6,"minecraft:powder_snow":10,"minecraft:torch":1,"minecraft:nether_quartz_ore":2,"minecraft:cobblestone":13,"minecraft:wall_torch":7,"minecraft:deepslate_copper_ore":8,"vampirism:alchemy_table":1,"minecraft:pink_petals":2,"minecraft:seagrass":2,"minecraft:birch_log":38,"minecraft:smooth_stone_slab":1,"minecraft:grass":36,"minecraft:oak_log":22,"minecraft:sand":66,"minecraft:dirt":5,"minecraft:netherrack":1,"minecraft:oak_leaves":9,"minecraft:deepslate":11,"minecraft:diamond_ore":2,"minecraft:tuff":1,"minecraft:deepslate_diamond_ore":1,"minecraft:dark_oak_log":4,"minecraft:nether_bricks":1,"gravestone:gravestone":28,"iceandfire:chared_dirt":1,"minecraft:spruce_leaves":2,"minecraft:redstone_ore":7,"minecraft:furnace":6,"minecraft:gold_block":13,"minecraft:bookshelf":36,"twilightforest:firefly_jar":2,"minecraft:deepslate_iron_ore":21,"minecraft:stone":283,"minecraft:cherry_planks":10,"minecraft:soul_sand":10,"minecraft:dandelion":1,"minecraft:oak_fence":1,"minecraft:crafting_table":14,"minecraft:cornflower":1,"minecraft:tall_grass":14,"minecraft:copper_ore":30,"twilightforest:nagastone":2,"minecraft:lapis_ore":15,"minecraft:birch_planks":14,"minecraft:spruce_log":18,"minecraft:birch_leaves":4,"twilightforest:cicada_jar":1,"minecraft:coal_ore":89,"minecraft:cracked_stone_bricks":2,"minecraft:stone_bricks":3,"minecraft:fern":3},"minecraft:dropped":{"twilightforest:nagastone":5,"minecraft:iron_sword":5,"minecraft:lapis_lazuli":1,"minecraft:cooked_beef":2,"minecraft:mossy_stone_brick_stairs":3,"minecraft:cracked_stone_bricks":1,"minecraft:saddle":1,"travelersbackpack:standard":3,"minecraft:cobblestone_stairs":1,"minecraft:dirt":1,"iceandfire:pixie_jar_empty":1,"minecraft:cornflower":1,"twilightforest:mossy_nagastone_pillar":2,"ironchest:iron_chest":1,"minecraft:chain":2,"gravestone:obituary":32,"iceandfire:ash":2,"minecraft:sand":1,"minecraft:iron_pickaxe":2,"minecraft:bone":9,"minecraft:stone_axe":1,"minecraft:cobbled_deepslate":4,"minecraft:birch_sapling":5,"minecraft:wheat":4,"minecraft:cherry_sapling":9,"minecraft:rotten_flesh":19,"twilightforest:torchberries":2,"twilightforest:cicada_jar":2,"travelersbackpack:gold":1,"twilightforest:cracked_nagastone_pillar":1,"iceandfire:pixie_dust":2,"minecraft:painting":1,"minecraft:arrow":7,"minecraft:glass":35,"minecraft:stone_brick_stairs":1,"minecraft:written_book":1,"twilightforest:nagastone_pillar":3,"minecraft:netherrack":1,"vampirism:item_garlic":1,"iceandfire:dragonbone_sword":2,"minecraft:iron_ingot":45,"minecraft:bread":25,"minecraft:wheat_seeds":15,"minecraft:cherry_log":8,"twilightforest:firefly_jar":4,"minecraft:oak_fence":1,"minecraft:iron_helmet":3,"minecraft:cobblestone":5,"minecraft:book":4,"minecraft:apple":6,"minecraft:granite":2,"twilightforest:etched_nagastone":4,"twilightforest:twilight_oak_sapling":1,"minecraft:coal":6,"minecraft:golden_apple":11,"minecraft:stick":6,"minecraft:iron_block":3,"minecraft:torch":44,"twilightforest:spiral_bricks":10,"minecraft:iron_leggings":3,"twilightforest:canopy_planks":8,"minecraft:iron_axe":1,"minecraft:string":4,"vampirism:garlic_bread":1,"minecraft:dandelion":1,"twilightforest:raw_venison":2,"minecraft:stone_sword":2,"minecraft:cobblestone_wall":2,"minecraft:raw_copper":141,"minecraft:smooth_stone_slab":4,"minecraft:raw_iron":9,"minecraft:chicken":1,"minecraft:light_gray_wool":1,"minecraft:iron_boots":2,"minecraft:blast_furnace":1,"minecraft:potato":8,"vampirism:totem_base":1,"twilightforest:mossy_etched_nagastone":1,"minecraft:hay_block":55,"minecraft:andesite":1,"minecraft:iron_chestplate":2,"minecraft:mossy_stone_bricks":2,"minecraft:oak_sapling":1,"vampirism:crucifix_normal":1,"minecraft:stone_bricks":1,"minecraft:blue_orchid":1,"minecraft:stone_pickaxe":4,"minecraft:wooden_pickaxe":1,"minecraft:magma_cream":1}},"DataVersion":3465}