{"stats":{"minecraft:custom":{"minecraft:mob_kills":41,"minecraft:interact_with_crafting_table":63,"minecraft:open_barrel":5,"minecraft:leave_game":2,"minecraft:time_since_death":2859,"minecraft:climb_one_cm":1572,"minecraft:sprint_one_cm":70523,"minecraft:walk_one_cm":560189,"vampirism:interact_with_totem":3,"minecraft:drop":148,"minecraft:play_time":147876,"minecraft:deaths":9,"minecraft:sneak_time":4164,"minecraft:walk_under_water_one_cm":30872,"minecraft:jump":2064,"minecraft:walk_on_water_one_cm":38705,"minecraft:total_world_time":147876,"minecraft:interact_with_furnace":109,"minecraft:sleep_in_bed":1,"minecraft:time_since_rest":2897,"minecraft:damage_taken":4260,"minecraft:damage_dealt":7136,"minecraft:swim_one_cm":15409,"minecraft:fly_one_cm":143820,"minecraft:open_chest":55,"minecraft:crouch_one_cm":14558,"minecraft:fall_one_cm":44804},"minecraft:crafted":{"minecraft:cherry_planks":64,"minecraft:oak_planks":84,"minecraft:furnace":3,"minecraft:glass":49,"minecraft:iron_boots":1,"minecraft:iron_axe":1,"minecraft:stone_pickaxe":4,"minecraft:chest":2,"minecraft:cooked_beef":17,"minecraft:cooked_porkchop":9,"minecraft:crafting_table":3,"minecraft:spruce_planks":76,"minecraft:wooden_pickaxe":1,"minecraft:iron_helmet":1,"minecraft:iron_sword":1,"iceandfire:pixie_jar_empty":2,"minecraft:bucket":1,"minecraft:birch_planks":148,"minecraft:stone_axe":2,"minecraft:air":0,"minecraft:iron_chestplate":1,"minecraft:stick":16,"minecraft:iron_ingot":67,"minecraft:iron_pickaxe":1,"minecraft:stone_sword":1,"minecraft:iron_leggings":1,"minecraft:torch":60,"ironchest:iron_chest":2},"minecraft:broken":{"minecraft:stone_pickaxe":2,"minecraft:stone_axe":1},"minecraft:killed":{"vampirism:vampire":2,"vampirism:advanced_vampire":1,"minecraft:spider":2,"minecraft:skeleton":7,"minecraft:pig":8,"minecraft:squid":4,"minecraft:sheep":3,"minecraft:zombie":13},"minecraft:killed_by":{"vampirism:advanced_vampire":2,"iceandfire:cyclops":3,"iceandfire:fire_dragon":3},"minecraft:picked_up":{"minecraft:crafting_table":14,"gravestone:obituary":2,"minecraft:string":4,"minecraft:raw_copper":316,"minecraft:gold_nugget":8,"minecraft:cobbled_deepslate":10,"minecraft:light_gray_wool":1,"minecraft:birch_sapling":6,"minecraft:furnace":6,"minecraft:stick":36,"minecraft:raw_iron":95,"minecraft:torch":4,"minecraft:porkchop":12,"minecraft:cherry_log":67,"minecraft:redstone":9,"minecraft:stone_sword":1,"minecraft:arrow":7,"minecraft:rotten_flesh":19,"minecraft:gold_ingot":2,"minecraft:mutton":4,"minecraft:white_wool":2,"minecraft:cobblestone":221,"minecraft:birch_log":38,"iceandfire:pixie_jar_4":2,"minecraft:pink_petals":1,"vampirism:vampire_blood_bottle":2,"minecraft:andesite":1,"minecraft:birch_planks":2,"minecraft:tuff":1,"minecraft:oak_log":21,"minecraft:lapis_lazuli":65,"minecraft:dirt":13,"minecraft:glass":6,"minecraft:bone":10,"iceandfire:pixie_jar_empty":1,"minecraft:bow":1,"minecraft:wheat_seeds":5,"minecraft:raw_gold":5,"vampirism:item_garlic":1,"minecraft:stone_pickaxe":3,"minecraft:iron_ingot":2,"minecraft:glass_bottle":2,"minecraft:iron_sword":1,"iceandfire:ash":1,"minecraft:dandelion":1,"minecraft:sand":66,"vampirism:crucifix_normal":1,"minecraft:ink_sac":6,"minecraft:spruce_sapling":1,"minecraft:spruce_log":19,"minecraft:spider_eye":1,"travelersbackpack:standard":1,"minecraft:diamond":2,"vampirism:oil_bottle":2,"minecraft:cherry_sapling":52,"minecraft:oak_sapling":5,"minecraft:coal":455},"minecraft:used":{"minecraft:stone_sword":3,"minecraft:iron_sword":189,"minecraft:rotten_flesh":4,"minecraft:iron_chestplate":1,"minecraft:torch":9,"minecraft:dirt":10,"minecraft:mutton":4,"minecraft:tuff":1,"minecraft:glass":6,"minecraft:iron_axe":65,"minecraft:furnace":7,"minecraft:oak_sapling":4,"minecraft:cooked_beef":9,"minecraft:cobbled_deepslate":6,"minecraft:water_bucket":18,"minecraft:birch_planks":75,"minecraft:stone_pickaxe":299,"minecraft:wooden_pickaxe":22,"minecraft:sand":2,"minecraft:crafting_table":16,"vampirism:alchemy_table":1,"iceandfire:pixie_jar_4":2,"minecraft:bread":1,"minecraft:iron_pickaxe":184,"minecraft:spruce_sapling":1,"minecraft:stone_axe":133,"travelersbackpack:standard":4,"minecraft:cobblestone":92,"minecraft:cooked_porkchop":9,"minecraft:porkchop":1,"minecraft:birch_log":1,"minecraft:bucket":19},"minecraft:mined":{"minecraft:tuff":1,"minecraft:cherry_log":75,"gravestone:gravestone":10,"minecraft:grass_block":5,"minecraft:spruce_leaves":2,"minecraft:furnace":6,"minecraft:iron_ore":79,"minecraft:deepslate_iron_ore":16,"minecraft:stone":228,"minecraft:deepslate_redstone_ore":2,"minecraft:dandelion":1,"minecraft:powder_snow":3,"minecraft:crafting_table":14,"minecraft:torch":1,"minecraft:tall_grass":1,"minecraft:copper_ore":30,"minecraft:cobblestone":7,"minecraft:lapis_ore":10,"minecraft:wall_torch":3,"minecraft:deepslate_copper_ore":8,"vampirism:alchemy_table":1,"minecraft:pink_petals":1,"minecraft:birch_planks":1,"minecraft:birch_log":38,"minecraft:spruce_log":18,"minecraft:birch_leaves":3,"minecraft:grass":12,"minecraft:oak_log":22,"minecraft:coal_ore":89,"minecraft:sand":66,"minecraft:dirt":3,"minecraft:oak_leaves":3,"minecraft:deepslate":10,"minecraft:fern":3},"minecraft:dropped":{"vampirism:item_garlic":1,"minecraft:iron_ingot":21,"minecraft:bread":9,"minecraft:iron_sword":1,"minecraft:wheat_seeds":5,"minecraft:lapis_lazuli":1,"minecraft:cherry_log":8,"minecraft:iron_helmet":1,"minecraft:book":2,"minecraft:apple":6,"minecraft:saddle":1,"travelersbackpack:standard":2,"minecraft:coal":6,"minecraft:stick":6,"minecraft:torch":17,"iceandfire:pixie_jar_empty":1,"ironchest:iron_chest":1,"minecraft:iron_leggings":2,"gravestone:obituary":11,"iceandfire:ash":2,"minecraft:iron_axe":1,"minecraft:iron_pickaxe":1,"minecraft:string":2,"vampirism:garlic_bread":1,"minecraft:dandelion":1,"minecraft:bone":2,"minecraft:stone_axe":1,"minecraft:stone_sword":2,"minecraft:cobbled_deepslate":4,"minecraft:raw_copper":141,"minecraft:wheat":2,"minecraft:birch_sapling":5,"minecraft:raw_iron":9,"minecraft:cherry_sapling":9,"minecraft:chicken":1,"minecraft:rotten_flesh":12,"minecraft:light_gray_wool":1,"minecraft:iron_boots":1,"minecraft:blast_furnace":1,"vampirism:totem_base":1,"minecraft:potato":8,"minecraft:hay_block":55,"minecraft:iron_chestplate":1,"minecraft:andesite":1,"minecraft:oak_sapling":1,"vampirism:crucifix_normal":1,"minecraft:wooden_pickaxe":1,"minecraft:stone_pickaxe":4,"minecraft:glass":35}},"DataVersion":3465}