{"stats":{"minecraft:custom":{"minecraft:interact_with_furnace":29,"minecraft:mob_kills":14,"minecraft:animals_bred":1,"minecraft:interact_with_crafting_table":16,"minecraft:damage_dealt_resisted":252,"minecraft:leave_game":3,"minecraft:time_since_death":355,"minecraft:climb_one_cm":1920,"vampirism:interact_alchemical_cauldron":1,"minecraft:time_since_rest":399,"minecraft:sprint_one_cm":192432,"minecraft:damage_taken":1613,"minecraft:walk_one_cm":302065,"minecraft:drop":33,"minecraft:damage_dealt":3176,"minecraft:swim_one_cm":59838,"minecraft:fly_one_cm":41112,"minecraft:open_chest":11,"minecraft:crouch_one_cm":28254,"minecraft:play_time":141177,"minecraft:deaths":5,"minecraft:sneak_time":8544,"minecraft:walk_under_water_one_cm":14587,"minecraft:jump":724,"minecraft:walk_on_water_one_cm":27382,"minecraft:total_world_time":141177,"minecraft:fall_one_cm":13420},"minecraft:crafted":{"minecraft:cooked_beef":13,"minecraft:wooden_sword":1,"minecraft:oak_planks":140,"minecraft:cobblestone_slab":6,"minecraft:cooked_porkchop":2,"minecraft:crafting_table":3,"minecraft:wooden_pickaxe":1,"minecraft:furnace":2,"minecraft:cobblestone_stairs":4,"minecraft:bucket":1,"minecraft:hopper":4,"minecraft:stick":56,"minecraft:iron_ingot":63,"minecraft:iron_pickaxe":1,"minecraft:stone_pickaxe":10,"minecraft:wooden_axe":1,"minecraft:stone_sword":1,"minecraft:chest":7,"minecraft:torch":116},"minecraft:broken":{"minecraft:stone_pickaxe":9,"minecraft:iron_pickaxe":1,"minecraft:wooden_pickaxe":1},"minecraft:killed":{"minecraft:pig":2,"vampirism:advanced_vampire":1,"minecraft:spider":1,"minecraft:skeleton":1,"minecraft:zombie":3,"minecraft:cow":6},"minecraft:killed_by":{"vampirism:advanced_vampire":2,"minecraft:zombie":2},"minecraft:picked_up":{"minecraft:crafting_table":5,"minecraft:andesite":24,"minecraft:leather":5,"minecraft:tuff":32,"create:raw_zinc":6,"minecraft:oak_log":35,"gravestone:obituary":1,"minecraft:lapis_lazuli":62,"minecraft:dirt":1,"iceandfire:pixie_house_mushroom_red":1,"minecraft:bone":2,"minecraft:apple":2,"minecraft:kelp":1,"minecraft:cobbled_deepslate":570,"minecraft:raw_gold":8,"minecraft:beef":13,"minecraft:sugar_cane":11,"minecraft:oak_planks":56,"minecraft:egg":3,"minecraft:furnace":1,"minecraft:stick":13,"minecraft:raw_iron":63,"vampirism:fire_place":1,"minecraft:torch":26,"minecraft:gravel":12,"minecraft:porkchop":2,"minecraft:sand":5,"iceandfire:rotten_egg":1,"minecraft:diorite":11,"minecraft:redstone":35,"vampirism:blood_bottle":2,"minecraft:rotten_flesh":2,"minecraft:diamond":2,"minecraft:oak_sapling":9,"minecraft:coal":53,"minecraft:hopper":1,"iceandfire:raw_silver":4,"minecraft:cobblestone":705},"minecraft:used":{"minecraft:water_bucket":2,"minecraft:diorite":11,"minecraft:stone_sword":74,"minecraft:cobblestone_stairs":4,"minecraft:stone_pickaxe":1291,"minecraft:chest":3,"minecraft:wooden_pickaxe":59,"minecraft:cobblestone_slab":4,"minecraft:torch":121,"minecraft:dirt":1,"minecraft:hopper":5,"minecraft:crafting_table":8,"minecraft:wooden_axe":37,"minecraft:lava_bucket":2,"minecraft:apple":2,"minecraft:iron_pickaxe":252,"minecraft:gravel":12,"iceandfire:pixie_house_mushroom_red":1,"minecraft:wooden_sword":28,"minecraft:cobblestone":449,"minecraft:furnace":3,"minecraft:cooked_porkchop":2,"minecraft:bucket":4,"minecraft:andesite":24,"minecraft:egg":3,"minecraft:cooked_beef":4,"minecraft:cobbled_deepslate":19},"minecraft:dropped":{"minecraft:iron_ingot":2,"minecraft:diamond":2,"minecraft:cobblestone":10,"minecraft:rotten_flesh":2,"vampirism:blood_bottle":1,"minecraft:stick":4,"minecraft:torch":1,"minecraft:wooden_axe":1,"gravestone:obituary":5,"minecraft:raw_gold":8,"create:raw_zinc":6},"minecraft:mined":{"create:zinc_ore":6,"minecraft:deepslate_redstone_ore":8,"minecraft:tuff":32,"minecraft:deepslate_diamond_ore":2,"minecraft:crafting_table":5,"minecraft:torch":4,"gravestone:gravestone":4,"minecraft:granite":12,"minecraft:grass_block":1,"iceandfire:deepslate_silver_ore":4,"minecraft:cobblestone":375,"minecraft:lapis_ore":5,"minecraft:deepslate_gold_ore":6,"minecraft:hopper":1,"minecraft:sugar_cane":5,"minecraft:kelp":1,"minecraft:diorite":19,"minecraft:wall_torch":16,"minecraft:furnace":1,"minecraft:iron_ore":45,"minecraft:cobbled_deepslate":1,"minecraft:fire":2,"minecraft:andesite":25,"iceandfire:pixie_house_mushroom_red":1,"minecraft:deepslate_lapis_ore":4,"minecraft:oak_log":36,"minecraft:coal_ore":48,"minecraft:deepslate_iron_ore":19,"vampirism:fire_place":1,"minecraft:gravel":17,"minecraft:sand":7,"minecraft:dirt":1,"minecraft:stone":390,"minecraft:gold_ore":1,"minecraft:oak_leaves":4,"minecraft:deepslate":583}},"DataVersion":3465}