{"stats":{"minecraft:used":{"minecraft:stone_sword":88,"minecraft:stone_shovel":131,"minecraft:chest":3,"minecraft:iron_sword":48,"minecraft:iron_chestplate":1,"minecraft:torch":148,"minecraft:dirt":1,"minecraft:hopper":5,"minecraft:tuff":13,"twilightforest:mossy_etched_nagastone":1,"twilightforest:etched_nagastone":1,"minecraft:dark_oak_planks":7,"minecraft:wooden_axe":37,"minecraft:lava_bucket":2,"travelersbackpack:gold":3,"minecraft:iron_helmet":1,"minecraft:iron_boots":1,"minecraft:bow":4,"minecraft:furnace":3,"minecraft:egg":3,"minecraft:cooked_beef":11,"minecraft:cobbled_deepslate":19,"minecraft:iron_leggings":1,"twilightforest:naga_trophy":1,"vampirism:fire_place":2,"minecraft:water_bucket":55,"minecraft:diorite":11,"minecraft:cobblestone_stairs":4,"minecraft:stone_pickaxe":2170,"minecraft:polished_andesite":1,"minecraft:wooden_pickaxe":59,"minecraft:cobblestone_slab":430,"minecraft:glow_berries":10,"minecraft:dark_oak_trapdoor":71,"minecraft:sand":67,"minecraft:crafting_table":10,"minecraft:painting":1,"minecraft:apple":2,"minecraft:iron_pickaxe":252,"minecraft:gravel":12,"minecraft:stone_axe":106,"minecraft:cobblestone":1172,"minecraft:wooden_sword":43,"iceandfire:pixie_house_mushroom_red":1,"minecraft:cooked_porkchop":5,"minecraft:andesite":24,"minecraft:bucket":65},"minecraft:mined":{"minecraft:dark_oak_planks":7,"create:zinc_ore":6,"minecraft:tuff":32,"minecraft:deepslate_diamond_ore":2,"minecraft:dark_oak_log":92,"minecraft:cave_vines_plant":10,"gravestone:gravestone":12,"minecraft:granite":12,"minecraft:grass_block":1,"iceandfire:deepslate_silver_ore":4,"minecraft:hopper":1,"minecraft:kelp":1,"minecraft:spawner":2,"minecraft:furnace":1,"minecraft:dark_oak_trapdoor":7,"minecraft:iron_ore":45,"minecraft:cobbled_deepslate":1,"minecraft:fire":3,"twilightforest:naga_trophy":2,"minecraft:andesite":25,"twilightforest:twilight_oak_leaves":3,"minecraft:deepslate_lapis_ore":4,"minecraft:cave_vines":9,"minecraft:deepslate_iron_ore":19,"minecraft:cobblestone_slab":26,"minecraft:stone":390,"minecraft:deepslate_redstone_ore":8,"minecraft:flowering_azalea":1,"minecraft:soul_sand":1,"minecraft:kelp_plant":1,"minecraft:clay":3,"minecraft:crafting_table":7,"minecraft:torch":9,"minecraft:tall_grass":1,"minecraft:cobblestone":1213,"minecraft:lapis_ore":5,"minecraft:deepslate_gold_ore":6,"minecraft:sugar_cane":5,"minecraft:diorite":19,"minecraft:wall_torch":18,"iceandfire:pixie_house_mushroom_red":1,"minecraft:grass":5,"minecraft:oak_log":36,"minecraft:coal_ore":48,"vampirism:fire_place":2,"minecraft:gravel":17,"minecraft:sand":202,"minecraft:dirt":5,"minecraft:cobweb":9,"travelersbackpack:gold":1,"twilightforest:canopy_log":1,"minecraft:gold_ore":1,"minecraft:oak_leaves":4,"minecraft:deepslate":583},"minecraft:killed":{"vampirism:advanced_vampire":1,"minecraft:spider":1,"minecraft:skeleton":14,"twilightforest:naga":1,"twilightforest:death_tome":1,"minecraft:drowned":1,"minecraft:pig":4,"minecraft:sheep":4,"minecraft:zombie":3,"minecraft:cow":6},"minecraft:broken":{"minecraft:wooden_pickaxe":1,"minecraft:stone_pickaxe":16,"minecraft:iron_pickaxe":1,"minecraft:stone_shovel":1},"minecraft:custom":{"minecraft:mob_kills":37,"minecraft:animals_bred":1,"minecraft:interact_with_crafting_table":32,"minecraft:damage_dealt_resisted":252,"minecraft:leave_game":6,"minecraft:time_since_death":1909,"minecraft:climb_one_cm":3203,"vampirism:interact_alchemical_cauldron":1,"minecraft:sprint_one_cm":353130,"minecraft:walk_one_cm":680599,"minecraft:drop":47,"minecraft:play_time":329968,"minecraft:sneak_time":18852,"minecraft:deaths":16,"minecraft:walk_under_water_one_cm":109773,"minecraft:jump":1335,"minecraft:walk_on_water_one_cm":85916,"minecraft:total_world_time":329968,"minecraft:interact_with_furnace":37,"minecraft:time_since_rest":1949,"minecraft:damage_taken":5310,"minecraft:damage_dealt":6170,"minecraft:swim_one_cm":126594,"minecraft:fly_one_cm":439735,"minecraft:open_chest":29,"minecraft:crouch_one_cm":59942,"minecraft:fall_one_cm":36697},"minecraft:crafted":{"minecraft:wooden_sword":1,"minecraft:oak_planks":140,"minecraft:cobblestone_slab":312,"minecraft:stone_shovel":1,"minecraft:furnace":2,"minecraft:dark_oak_trapdoor":74,"minecraft:cobblestone_stairs":4,"minecraft:glass":16,"minecraft:hopper":4,"minecraft:stone_pickaxe":17,"minecraft:chest":7,"minecraft:dark_oak_planks":250,"minecraft:cooked_beef":13,"minecraft:cooked_porkchop":5,"minecraft:crafting_table":4,"minecraft:wooden_pickaxe":1,"minecraft:iron_sword":1,"minecraft:bucket":2,"minecraft:stone_axe":1,"minecraft:stick":72,"minecraft:iron_ingot":63,"minecraft:iron_pickaxe":1,"minecraft:wooden_axe":1,"minecraft:stone_sword":1,"minecraft:torch":116},"minecraft:dropped":{"minecraft:iron_ingot":2,"minecraft:iron_sword":1,"minecraft:cooked_beef":3,"minecraft:diamond":2,"minecraft:cobblestone":12,"minecraft:stick":4,"minecraft:torch":1,"minecraft:wooden_axe":1,"gravestone:obituary":9,"create:raw_zinc":6,"minecraft:rotten_flesh":4,"vampirism:blood_bottle":1,"travelersbackpack:gold":1,"minecraft:bow":1,"minecraft:raw_gold":8},"minecraft:killed_by":{"vampirism:advanced_vampire":2,"twilightforest:naga":1,"twilightforest:death_tome":1,"minecraft:skeleton":5,"minecraft:zombie":2},"minecraft:picked_up":{"minecraft:crafting_table":7,"minecraft:iron_chestplate":1,"minecraft:wheat":2,"minecraft:clay_ball":12,"twilightforest:naga_trophy":1,"gravestone:obituary":4,"minecraft:string":9,"minecraft:dark_oak_trapdoor":7,"minecraft:iron_leggings":1,"minecraft:cobbled_deepslate":570,"minecraft:beef":13,"minecraft:cobblestone_slab":28,"minecraft:written_book":1,"minecraft:sugar_cane":11,"minecraft:furnace":1,"minecraft:egg":3,"minecraft:iron_boots":1,"minecraft:dark_oak_sapling":5,"minecraft:stick":20,"minecraft:raw_iron":63,"minecraft:big_dripleaf":2,"minecraft:torch":33,"minecraft:porkchop":5,"iceandfire:rotten_egg":1,"minecraft:diorite":11,"minecraft:redstone":35,"minecraft:dark_oak_planks":4,"minecraft:arrow":11,"vampirism:blood_bottle":2,"minecraft:rotten_flesh":8,"twilightforest:etched_nagastone":1,"minecraft:glow_berries":8,"minecraft:mutton":6,"minecraft:white_wool":4,"minecraft:cobblestone":1426,"minecraft:cooked_beef":3,"minecraft:andesite":24,"minecraft:leather":5,"minecraft:tuff":32,"create:raw_zinc":6,"minecraft:oak_log":35,"minecraft:lapis_lazuli":62,"minecraft:paper":36,"minecraft:dirt":4,"iceandfire:pixie_house_mushroom_red":1,"minecraft:bone":11,"minecraft:apple":2,"minecraft:kelp":3,"minecraft:bow":2,"minecraft:wheat_seeds":3,"minecraft:raw_gold":8,"travelersbackpack:gold":3,"minecraft:flowering_azalea":1,"minecraft:iron_sword":1,"minecraft:oak_planks":56,"minecraft:book":16,"vampirism:fire_place":2,"minecraft:gravel":12,"minecraft:sand":200,"twilightforest:canopy_log":1,"minecraft:dark_oak_log":92,"twilightforest:mossy_etched_nagastone":1,"minecraft:polished_andesite":1,"twilightforest:twilight_oak_sapling":2,"minecraft:diamond":2,"minecraft:writable_book":1,"minecraft:iron_helmet":1,"minecraft:painting":4,"minecraft:oak_sapling":9,"minecraft:coal":53,"iceandfire:raw_silver":4,"minecraft:hopper":1}},"DataVersion":3465}