{"stats":{"minecraft:custom":{"minecraft:interact_with_crafting_table":77,"minecraft:leave_game":16,"minecraft:time_since_death":557,"minecraft:sprint_one_cm":872869,"minecraft:drop":170,"vampirism:interact_with_totem":1,"minecraft:talked_to_villager":7,"minecraft:play_time":321071,"minecraft:deaths":34,"minecraft:jump":5782,"minecraft:walk_on_water_one_cm":40298,"minecraft:interact_with_furnace":69,"minecraft:sleep_in_bed":3,"minecraft:damage_dealt":16694,"minecraft:crouch_one_cm":8069,"minecraft:interact_with_smithing_table":17,"minecraft:interact_with_anvil":3,"minecraft:mob_kills":95,"minecraft:climb_one_cm":4481,"minecraft:walk_one_cm":598106,"minecraft:sneak_time":5403,"minecraft:walk_under_water_one_cm":16657,"minecraft:interact_with_lectern":1,"minecraft:interact_with_blast_furnace":4,"minecraft:total_world_time":321071,"minecraft:time_since_rest":600,"minecraft:damage_taken":15761,"minecraft:damage_absorbed":322,"minecraft:swim_one_cm":88698,"minecraft:fly_one_cm":1414841,"minecraft:open_chest":219,"minecraft:fall_one_cm":201224},"minecraft:crafted":{"minecraft:oak_planks":56,"travelersbackpack:crafting_upgrade":1,"minecraft:cooked_mutton":16,"minecraft:glass":21,"minecraft:iron_boots":5,"minecraft:chest":7,"minecraft:birch_door":3,"travelersbackpack:iron_tier_upgrade":2,"minecraft:cooked_porkchop":13,"minecraft:crafting_table":14,"travelersbackpack:standard":3,"minecraft:iron_helmet":2,"minecraft:smithing_table":1,"minecraft:red_wool":6,"minecraft:birch_planks":708,"travelersbackpack:red_sleeping_bag":3,"minecraft:iron_chestplate":3,"minecraft:stick":28,"minecraft:iron_ingot":37,"minecraft:iron_pickaxe":2,"minecraft:gold_ingot":172,"iceandfire:gold_pile":10,"minecraft:wooden_sword":1,"minecraft:furnace":2,"minecraft:bone_meal":174,"travelersbackpack:blank_upgrade":4,"travelersbackpack:gold_tier_upgrade":1,"minecraft:iron_axe":3,"minecraft:ladder":6,"travelersbackpack:gold":7,"twilightforest:canopy_planks":12,"minecraft:wheat":495,"minecraft:cooked_beef":9,"minecraft:red_dye":12,"ironchest:gold_chest":1,"iceandfire:dragonbone_sword":3,"travelersbackpack:backpack_tank":8,"minecraft:iron_sword":1,"minecraft:bucket":2,"minecraft:bread":165,"minecraft:air":0,"minecraft:wooden_axe":1,"minecraft:iron_shovel":1,"minecraft:iron_leggings":2,"minecraft:anvil":1,"minecraft:torch":44},"minecraft:broken":{"minecraft:iron_shovel":1,"minecraft:wooden_sword":1,"minecraft:stone_axe":1,"minecraft:wooden_axe":1,"minecraft:iron_axe":1,"minecraft:iron_helmet":1},"minecraft:killed":{"twilightforest:boar":2,"vampirism:vampire":1,"minecraft:spider":3,"minecraft:skeleton":19,"minecraft:chicken":1,"minecraft:piglin_brute":3,"minecraft:magma_cube":4,"minecraft:pig":8,"twilightforest:skeleton_druid":1,"minecraft:sheep":12,"minecraft:zombie":8,"minecraft:cow":13,"twilightforest:deer":2,"minecraft:horse":4,"twilightforest:naga":1,"twilightforest:death_tome":3,"twilightforest:kobold":3,"minecraft:wither_skeleton":1,"minecraft:enderman":1,"twilightforest:bighorn_sheep":1},"minecraft:killed_by":{"iceandfire:cyclops":4,"minecraft:piglin_brute":4,"minecraft:zombie":1,"iceandfire:fire_dragon":10,"minecraft:player":1,"twilightforest:naga":1,"minecraft:skeleton":2},"minecraft:picked_up":{"twilightforest:cicada_jar":1,"minecraft:iron_chestplate":1,"minecraft:wheat":6,"iceandfire:copper_sword":2,"twilightforest:naga_trophy":5,"minecraft:gilded_blackstone":8,"minecraft:brewing_stand":1,"iceandfire:manuscript":29,"minecraft:string":10,"minecraft:raw_copper":350,"minecraft:smooth_stone_slab":4,"minecraft:iron_leggings":2,"minecraft:netherite_ingot":2,"minecraft:gold_nugget":1337,"minecraft:cobbled_deepslate":12,"minecraft:bucket":1,"vampirism:garlic_bread":1,"minecraft:white_tulip":1,"minecraft:written_book":2,"minecraft:netherite_upgrade_smithing_template":1,"minecraft:iron_pickaxe":2,"minecraft:furnace":5,"twilightforest:firefly_jar":3,"minecraft:iron_boots":2,"iceandfire:pixie_dust":2,"minecraft:stick":48,"iceandfire:ghost_chest":2,"minecraft:oak_fence":1,"minecraft:torch":60,"iceandfire:pixie_house_mushroom_brown":3,"minecraft:porkchop":18,"vampirism:alchemy_table":2,"minecraft:cherry_log":16,"ironchest:gold_chest":1,"minecraft:diorite":1,"minecraft:rotten_flesh":8,"minecraft:polished_basalt":12,"minecraft:iron_block":3,"minecraft:cobblestone":127,"minecraft:birch_log":217,"minecraft:feather":3,"minecraft:cooked_beef":2,"minecraft:cherry_planks":5,"minecraft:brown_wool":2,"minecraft:potato":14,"minecraft:tuff":1,"create:raw_zinc":3,"travelersbackpack:gold_tier_upgrade":1,"minecraft:lapis_lazuli":168,"minecraft:dirt":359,"minecraft:glass":30,"minecraft:bone":68,"minecraft:orange_tulip":1,"minecraft:wheat_seeds":29,"minecraft:raw_gold":3,"minecraft:mossy_stone_bricks":5,"travelersbackpack:gold":2,"minecraft:oak_planks":1,"minecraft:mossy_stone_brick_stairs":1,"twilightforest:canopy_chest":1,"vampirism:potion_table":3,"minecraft:stripped_acacia_wood":1,"iceandfire:pixie_house_birch":4,"minecraft:sand":26,"vampirism:crucifix_normal":3,"twilightforest:canopy_log":3,"minecraft:stripped_spruce_log":2,"minecraft:nether_brick_stairs":1,"minecraft:ink_sac":12,"minecraft:spectral_arrow":17,"twilightforest:mossy_etched_nagastone":1,"twilightforest:twilight_oak_sapling":1,"twilightforest:canopy_planks":1,"minecraft:diamond":4,"vampirism:oil_bottle":11,"minecraft:writable_book":1,"minecraft:cracked_polished_blackstone_bricks":4,"minecraft:golden_apple":11,"minecraft:emerald":3,"minecraft:bread":35,"minecraft:oak_sapling":27,"twilightforest:torchberries":3,"minecraft:coarse_dirt":1,"minecraft:crafting_table":7,"iceandfire:witherbone":1,"minecraft:chicken":3,"minecraft:nether_wart":20,"minecraft:gold_block":20,"twilightforest:nagastone":3,"minecraft:chain":4,"gravestone:obituary":28,"minecraft:iron_axe":1,"minecraft:netherite_scrap":1,"minecraft:item_frame":1,"minecraft:cracked_stone_bricks":1,"vampirism:totem_base":2,"minecraft:netherite_sword":1,"twilightforest:nagastone_head":2,"minecraft:beef":26,"minecraft:poppy":28,"minecraft:sugar_cane":6,"minecraft:chest":16,"minecraft:birch_sapling":39,"minecraft:egg":2,"minecraft:raw_iron":37,"iceandfire:dragonbone":21,"ironchest:iron_chest":2,"minecraft:polished_blackstone_bricks":4,"minecraft:redstone":9,"iceandfire:dragon_skull_ice":1,"minecraft:arrow":24,"twilightforest:etched_nagastone":1,"minecraft:nether_bricks":3,"minecraft:hay_block":110,"minecraft:saddle":1,"minecraft:gold_ingot":12,"minecraft:mutton":33,"minecraft:skeleton_skull":2,"minecraft:white_wool":11,"iceandfire:pixie_jar_4":1,"vampirism:vampire_blood_bottle":2,"minecraft:basalt":15,"minecraft:leather":20,"minecraft:birch_planks":67,"minecraft:oak_log":79,"iceandfire:pixie_jar_2":1,"iceandfire:ectoplasm":2,"minecraft:gunpowder":4,"minecraft:cobblestone_wall":2,"minecraft:paper":50,"iceandfire:pixie_house_mushroom_red":2,"twilightforest:raw_venison":4,"minecraft:apple":15,"minecraft:stone_bricks":2,"iceandfire:pixie_jar_empty":1,"minecraft:iron_ingot":67,"minecraft:stone_pickaxe":2,"minecraft:cobweb":14,"minecraft:soul_sand":10,"minecraft:iron_sword":4,"minecraft:book":106,"iceandfire:dragonbone_sword":4,"iceandfire:ash":4,"minecraft:dandelion":8,"minecraft:blast_furnace":3,"twilightforest:cracked_nagastone_pillar":1,"minecraft:spruce_log":4,"minecraft:spider_eye":1,"travelersbackpack:standard":7,"iceandfire:pixie_house_spruce":1,"minecraft:stone_axe":1,"vampirism:dark_stone_bricks":2,"minecraft:iron_helmet":2,"minecraft:painting":6,"minecraft:cherry_sapling":18,"twilightforest:spiral_bricks":2,"minecraft:black_wool":2,"minecraft:coal":156,"minecraft:ender_pearl":1},"minecraft:used":{"minecraft:writable_book":1,"minecraft:iron_shovel":250,"minecraft:ladder":6,"minecraft:poppy":4,"minecraft:polished_basalt":5,"minecraft:chest":7,"iceandfire:pixie_house_mushroom_brown":3,"minecraft:iron_sword":104,"minecraft:iron_chestplate":1,"ironchest:iron_chest":1,"minecraft:tuff":1,"minecraft:obsidian":7,"minecraft:stripped_spruce_log":2,"minecraft:grass_block":18,"minecraft:iron_helmet":1,"twilightforest:nagastone":1,"minecraft:written_book":3,"minecraft:oak_sapling":1,"minecraft:furnace":7,"minecraft:gold_block":17,"minecraft:egg":2,"twilightforest:naga_trophy":5,"minecraft:mossy_stone_bricks":3,"minecraft:diorite":1,"minecraft:stone_pickaxe":125,"minecraft:oak_planks":11,"iceandfire:dragonbone_sword_ice":28,"minecraft:golden_apple":10,"minecraft:blast_furnace":2,"iceandfire:dragonbone_sword":446,"minecraft:bread":73,"minecraft:nether_wart_block":13,"minecraft:wooden_sword":60,"iceandfire:pixie_house_mushroom_red":2,"iceandfire:pixie_house_birch":4,"minecraft:smithing_table":1,"minecraft:birch_log":40,"minecraft:coarse_dirt":1,"minecraft:bone_meal":24,"minecraft:stripped_acacia_wood":8,"minecraft:netherite_sword":56,"twilightforest:torchberries":1,"minecraft:torch":64,"minecraft:dirt":109,"minecraft:anvil":1,"iceandfire:copper_sword":22,"iceandfire:pixie_dust":1,"iceandfire:gold_pile":7,"minecraft:birch_door":2,"minecraft:wooden_axe":68,"travelersbackpack:gold":4,"minecraft:iron_axe":564,"minecraft:basalt":24,"ironchest:gold_chest":2,"minecraft:cooked_beef":8,"minecraft:cobbled_deepslate":4,"minecraft:cooked_mutton":16,"minecraft:water_bucket":2,"iceandfire:pixie_house_spruce":1,"minecraft:birch_planks":729,"minecraft:cherry_planks":1,"minecraft:cracked_stone_bricks":1,"minecraft:polished_blackstone_bricks":3,"minecraft:gilded_blackstone":1,"twilightforest:twilight_oak_sapling":1,"minecraft:crafting_table":9,"iceandfire:pixie_jar_2":1,"minecraft:spruce_log":2,"minecraft:apple":3,"minecraft:cracked_polished_blackstone_bricks":21,"minecraft:iron_pickaxe":343,"twilightforest:canopy_chest":1,"minecraft:stone_axe":117,"minecraft:cobblestone":83,"travelersbackpack:standard":19,"minecraft:porkchop":1,"minecraft:cooked_porkchop":13,"minecraft:bucket":2,"vampirism:totem_base":1,"minecraft:dandelion":8},"minecraft:mined":{"create:deepslate_zinc_ore":1,"minecraft:cherry_log":53,"minecraft:brewing_stand":1,"minecraft:grass_block":168,"minecraft:cracked_polished_blackstone_bricks":5,"iceandfire:pixie_jar_4":1,"minecraft:nether_wart":20,"minecraft:gilded_blackstone":1,"minecraft:spawner":3,"minecraft:polished_blackstone_bricks":4,"minecraft:iron_ore":17,"minecraft:fire":16,"ironchest:gold_chest":1,"minecraft:deepslate_lapis_ore":4,"minecraft:nether_brick_stairs":1,"twilightforest:canopy_leaves":2,"iceandfire:gold_pile":131,"minecraft:dirt_path":2,"twilightforest:naga_wall_trophy":3,"iceandfire:pixie_house_spruce":1,"minecraft:powder_snow":31,"minecraft:torch":9,"minecraft:blast_furnace":2,"minecraft:poppy":30,"iceandfire:ghost_chest":2,"minecraft:chest":18,"minecraft:glass":1,"minecraft:cobblestone":6,"minecraft:sugar_cane":3,"minecraft:oak_planks":3,"minecraft:wall_torch":8,"minecraft:deepslate_copper_ore":6,"vampirism:alchemy_table":1,"minecraft:pink_petals":4,"vampirism:totem_top":1,"minecraft:birch_log":218,"minecraft:smooth_stone_slab":1,"minecraft:grass":163,"minecraft:oak_log":85,"minecraft:sand":26,"minecraft:dirt":189,"twilightforest:canopy_log":4,"minecraft:oak_leaves":11,"minecraft:deepslate":12,"vampirism:dark_stone_bricks":2,"minecraft:diamond_ore":1,"minecraft:tuff":1,"iceandfire:pixie_house_birch":4,"minecraft:glow_lichen":2,"gravestone:gravestone":33,"minecraft:nether_bricks":5,"minecraft:spruce_fence":1,"twilightforest:canopy_chest":1,"minecraft:brown_mushroom_block":4,"minecraft:spruce_leaves":1,"twilightforest:nagastone_head":1,"minecraft:hay_block":57,"vampirism:potion_table":1,"minecraft:furnace":5,"minecraft:polished_basalt":12,"twilightforest:naga_trophy":1,"twilightforest:twilight_oak_leaves":5,"minecraft:stripped_spruce_log":2,"minecraft:gold_block":22,"minecraft:bookshelf":39,"twilightforest:firefly_jar":1,"minecraft:deepslate_iron_ore":6,"minecraft:vine":6,"ironchest:iron_chest":1,"minecraft:stone":123,"twilightforest:root_strand":2,"minecraft:cherry_planks":5,"minecraft:soul_sand":10,"minecraft:basalt":16,"minecraft:dandelion":9,"travelersbackpack:standard":2,"minecraft:crafting_table":7,"minecraft:cornflower":1,"iceandfire:pixie_house_mushroom_brown":3,"twilightforest:nagastone":3,"minecraft:tall_grass":62,"minecraft:copper_ore":4,"minecraft:deepslate_gold_ore":1,"twilightforest:mayapple":3,"minecraft:diorite":1,"minecraft:birch_planks":70,"minecraft:coarse_dirt":1,"vampirism:totem_base":1,"minecraft:spruce_log":4,"minecraft:birch_leaves":2,"iceandfire:pixie_house_mushroom_red":2,"minecraft:coal_ore":18,"minecraft:cobweb":2,"minecraft:cracked_stone_bricks":1,"minecraft:stone_bricks":1,"minecraft:mossy_stone_bricks":5},"minecraft:dropped":{"twilightforest:nagastone":2,"minecraft:iron_sword":4,"minecraft:cooked_beef":1,"minecraft:oak_log":1,"minecraft:diamond":3,"minecraft:mossy_stone_brick_stairs":1,"travelersbackpack:standard":4,"minecraft:dirt":156,"minecraft:mutton":16,"gravestone:obituary":51,"minecraft:gold_nugget":1,"minecraft:iron_pickaxe":1,"vampirism:potion_table":1,"minecraft:gold_ingot":2,"minecraft:bone":10,"minecraft:netherite_sword":2,"minecraft:birch_sapling":16,"minecraft:rotten_flesh":7,"twilightforest:torchberries":2,"travelersbackpack:gold":4,"travelersbackpack:gold_tier_upgrade":1,"minecraft:gunpowder":3,"vampirism:vampire_blood_bottle":1,"twilightforest:cracked_nagastone_pillar":1,"minecraft:skeleton_skull":1,"vampirism:oil_bottle":5,"minecraft:painting":1,"minecraft:basalt":2,"vampirism:item_garlic":1,"iceandfire:dragonbone_sword":5,"minecraft:bread":64,"iceandfire:pixie_jar_4":1,"minecraft:wheat_seeds":13,"twilightforest:nagastone_head":1,"minecraft:oak_fence":1,"minecraft:cobblestone":4,"minecraft:feather":1,"vampirism:dark_stone_bricks":2,"twilightforest:etched_nagastone":1,"minecraft:coal":63,"minecraft:ink_sac":6,"twilightforest:spiral_bricks":2,"minecraft:nether_wart_block":1,"minecraft:brown_wool":1,"minecraft:iron_leggings":2,"twilightforest:canopy_planks":12,"minecraft:iron_axe":1,"minecraft:paper":11,"minecraft:string":6,"minecraft:bucket":1,"create:raw_zinc":1,"twilightforest:raw_venison":2,"minecraft:cobblestone_wall":2,"minecraft:smooth_stone_slab":4,"twilightforest:mossy_etched_nagastone":1,"iceandfire:copper_sword":1,"minecraft:mossy_stone_bricks":2,"minecraft:spider_eye":1,"vampirism:crucifix_normal":1,"minecraft:stone_bricks":2,"minecraft:spruce_log":2,"minecraft:stone_pickaxe":2,"minecraft:black_wool":1}},"DataVersion":3465}