{"stats":{"minecraft:custom":{"minecraft:mob_kills":47,"minecraft:interact_with_crafting_table":37,"minecraft:leave_game":2,"minecraft:time_since_death":1850,"minecraft:climb_one_cm":2151,"minecraft:sprint_one_cm":497328,"minecraft:walk_one_cm":315626,"vampirism:interact_with_totem":1,"minecraft:drop":45,"minecraft:talked_to_villager":4,"minecraft:play_time":148674,"minecraft:sneak_time":3570,"minecraft:deaths":11,"minecraft:walk_under_water_one_cm":9337,"minecraft:interact_with_lectern":1,"minecraft:jump":3237,"minecraft:interact_with_blast_furnace":2,"minecraft:walk_on_water_one_cm":23931,"minecraft:total_world_time":148674,"minecraft:interact_with_furnace":54,"minecraft:sleep_in_bed":3,"minecraft:time_since_rest":1880,"minecraft:damage_taken":5503,"minecraft:damage_dealt":6722,"minecraft:swim_one_cm":53773,"minecraft:fly_one_cm":502786,"minecraft:open_chest":60,"minecraft:crouch_one_cm":6033,"minecraft:fall_one_cm":96778},"minecraft:crafted":{"minecraft:wooden_sword":1,"minecraft:oak_planks":56,"minecraft:furnace":2,"minecraft:cooked_mutton":16,"minecraft:glass":14,"minecraft:iron_boots":1,"minecraft:iron_axe":2,"minecraft:ladder":6,"minecraft:chest":7,"minecraft:birch_door":3,"minecraft:cooked_beef":9,"minecraft:red_dye":12,"ironchest:gold_chest":1,"minecraft:cooked_porkchop":13,"minecraft:crafting_table":2,"travelersbackpack:backpack_tank":6,"minecraft:iron_helmet":1,"travelersbackpack:standard":3,"minecraft:iron_sword":1,"minecraft:red_wool":6,"minecraft:birch_planks":708,"minecraft:air":0,"travelersbackpack:red_sleeping_bag":3,"minecraft:iron_chestplate":1,"minecraft:stick":28,"minecraft:iron_ingot":37,"minecraft:iron_pickaxe":1,"minecraft:wooden_axe":1,"minecraft:iron_leggings":1,"minecraft:iron_shovel":1,"minecraft:gold_ingot":17,"minecraft:torch":44},"minecraft:broken":{"minecraft:iron_shovel":1,"minecraft:iron_axe":1,"minecraft:wooden_sword":1,"minecraft:stone_axe":1,"minecraft:wooden_axe":1},"minecraft:killed":{"vampirism:vampire":1,"minecraft:spider":1,"minecraft:skeleton":7,"minecraft:chicken":1,"minecraft:pig":8,"minecraft:sheep":12,"minecraft:zombie":3,"minecraft:cow":12},"minecraft:killed_by":{"iceandfire:cyclops":3,"minecraft:skeleton":2,"iceandfire:fire_dragon":4},"minecraft:picked_up":{"minecraft:iron_chestplate":1,"minecraft:crafting_table":7,"minecraft:wheat":2,"minecraft:chicken":3,"minecraft:gold_block":1,"gravestone:obituary":1,"minecraft:brewing_stand":1,"minecraft:string":6,"minecraft:iron_axe":1,"minecraft:raw_copper":350,"minecraft:iron_leggings":2,"minecraft:item_frame":1,"minecraft:gold_nugget":738,"minecraft:cobbled_deepslate":12,"vampirism:totem_base":2,"minecraft:beef":26,"vampirism:garlic_bread":1,"minecraft:poppy":12,"minecraft:iron_pickaxe":1,"minecraft:sugar_cane":6,"minecraft:chest":2,"minecraft:birch_sapling":38,"minecraft:iron_boots":1,"minecraft:furnace":5,"minecraft:egg":1,"minecraft:stick":43,"minecraft:raw_iron":37,"minecraft:torch":29,"iceandfire:pixie_house_mushroom_brown":3,"ironchest:iron_chest":2,"minecraft:porkchop":16,"vampirism:alchemy_table":2,"minecraft:cherry_log":16,"ironchest:gold_chest":1,"minecraft:diorite":1,"minecraft:redstone":9,"minecraft:arrow":10,"minecraft:rotten_flesh":4,"minecraft:hay_block":110,"minecraft:saddle":1,"minecraft:gold_ingot":2,"minecraft:mutton":32,"minecraft:white_wool":11,"minecraft:cobblestone":110,"minecraft:birch_log":217,"iceandfire:pixie_jar_4":1,"minecraft:feather":3,"vampirism:vampire_blood_bottle":2,"minecraft:brown_wool":1,"minecraft:leather":15,"minecraft:potato":14,"minecraft:birch_planks":61,"minecraft:tuff":1,"create:raw_zinc":3,"minecraft:oak_log":79,"iceandfire:pixie_jar_2":1,"minecraft:gunpowder":4,"minecraft:lapis_lazuli":168,"minecraft:dirt":344,"iceandfire:pixie_house_mushroom_red":2,"minecraft:glass":30,"minecraft:bone":7,"minecraft:apple":15,"iceandfire:pixie_jar_empty":1,"minecraft:wheat_seeds":3,"minecraft:raw_gold":3,"minecraft:stone_pickaxe":2,"minecraft:iron_ingot":22,"minecraft:oak_planks":1,"minecraft:book":2,"vampirism:potion_table":3,"iceandfire:ash":4,"iceandfire:pixie_house_birch":4,"vampirism:crucifix_normal":3,"minecraft:stripped_spruce_log":2,"minecraft:blast_furnace":3,"minecraft:ink_sac":12,"minecraft:spruce_log":4,"travelersbackpack:standard":5,"iceandfire:pixie_house_spruce":1,"minecraft:diamond":4,"vampirism:oil_bottle":11,"minecraft:stone_axe":1,"minecraft:iron_helmet":1,"minecraft:cherry_sapling":18,"minecraft:bread":19,"minecraft:oak_sapling":27,"minecraft:black_wool":2,"minecraft:coal":156},"minecraft:used":{"minecraft:netherite_sword":30,"minecraft:iron_shovel":250,"minecraft:ladder":6,"minecraft:chest":6,"iceandfire:pixie_house_mushroom_brown":3,"minecraft:iron_sword":48,"minecraft:torch":41,"minecraft:dirt":91,"ironchest:iron_chest":1,"minecraft:tuff":1,"minecraft:stripped_spruce_log":2,"minecraft:obsidian":2,"minecraft:birch_door":2,"minecraft:wooden_axe":68,"minecraft:iron_axe":476,"minecraft:oak_sapling":1,"minecraft:furnace":7,"ironchest:gold_chest":2,"minecraft:egg":1,"minecraft:cooked_beef":8,"minecraft:cobbled_deepslate":4,"minecraft:cooked_mutton":16,"minecraft:diorite":1,"iceandfire:pixie_house_spruce":1,"minecraft:birch_planks":729,"minecraft:stone_pickaxe":125,"minecraft:oak_planks":1,"minecraft:crafting_table":9,"minecraft:blast_furnace":1,"iceandfire:pixie_jar_2":1,"minecraft:spruce_log":2,"minecraft:apple":3,"minecraft:bread":2,"minecraft:iron_pickaxe":169,"minecraft:stone_axe":117,"travelersbackpack:standard":9,"minecraft:wooden_sword":60,"minecraft:cobblestone":73,"iceandfire:pixie_house_mushroom_red":2,"iceandfire:pixie_house_birch":4,"minecraft:cooked_porkchop":13,"minecraft:birch_log":40},"minecraft:mined":{"create:deepslate_zinc_ore":1,"minecraft:tuff":1,"minecraft:cherry_log":53,"iceandfire:pixie_house_birch":4,"minecraft:brewing_stand":1,"minecraft:glow_lichen":2,"gravestone:gravestone":9,"minecraft:spruce_fence":1,"minecraft:grass_block":164,"iceandfire:pixie_jar_4":1,"minecraft:spruce_leaves":1,"minecraft:hay_block":57,"vampirism:potion_table":1,"minecraft:furnace":5,"minecraft:iron_ore":17,"minecraft:fire":8,"ironchest:gold_chest":1,"minecraft:stripped_spruce_log":2,"minecraft:deepslate_lapis_ore":4,"minecraft:gold_block":1,"iceandfire:gold_pile":75,"minecraft:deepslate_iron_ore":6,"minecraft:dirt_path":2,"ironchest:iron_chest":1,"iceandfire:pixie_house_spruce":1,"minecraft:stone":112,"minecraft:powder_snow":21,"travelersbackpack:standard":2,"minecraft:cornflower":1,"minecraft:crafting_table":7,"minecraft:torch":4,"iceandfire:pixie_house_mushroom_brown":3,"minecraft:blast_furnace":2,"minecraft:poppy":12,"minecraft:chest":2,"minecraft:tall_grass":5,"minecraft:copper_ore":4,"minecraft:cobblestone":3,"minecraft:deepslate_gold_ore":1,"minecraft:sugar_cane":3,"minecraft:diorite":1,"minecraft:wall_torch":8,"minecraft:pink_petals":4,"minecraft:deepslate_copper_ore":6,"vampirism:alchemy_table":1,"minecraft:birch_planks":64,"vampirism:totem_base":1,"vampirism:totem_top":1,"minecraft:birch_log":218,"minecraft:spruce_log":4,"minecraft:birch_leaves":2,"iceandfire:pixie_house_mushroom_red":2,"minecraft:grass":18,"minecraft:oak_log":85,"minecraft:coal_ore":18,"minecraft:dirt":177,"minecraft:oak_leaves":11,"minecraft:deepslate":12},"minecraft:dropped":{"vampirism:item_garlic":1,"minecraft:iron_sword":1,"iceandfire:pixie_jar_4":1,"minecraft:wheat_seeds":2,"minecraft:oak_log":1,"minecraft:diamond":2,"minecraft:feather":1,"travelersbackpack:standard":2,"minecraft:coal":63,"minecraft:dirt":152,"minecraft:ink_sac":6,"minecraft:mutton":16,"gravestone:obituary":5,"vampirism:potion_table":1,"create:raw_zinc":1,"minecraft:gold_ingot":2,"minecraft:bone":1,"minecraft:birch_sapling":14,"minecraft:rotten_flesh":3,"minecraft:gunpowder":3,"vampirism:vampire_blood_bottle":1,"vampirism:oil_bottle":5,"vampirism:crucifix_normal":1,"minecraft:spruce_log":2,"minecraft:stone_pickaxe":2,"minecraft:black_wool":1}},"DataVersion":3465}